# ************************************************************
# Sequel Pro SQL dump
# Version 4541
#
# http://www.sequelpro.com/
# https://github.com/sequelpro/sequelpro
#
# Host: 127.0.0.1 (MySQL 5.7.18)
# Database: Ethereum
# Generation Time: 2017-07-06 14:00:44 +0000
# ************************************************************


/*!40101 SET @OLD_CHARACTER_SET_CLIENT=@@CHARACTER_SET_CLIENT */;
/*!40101 SET @OLD_CHARACTER_SET_RESULTS=@@CHARACTER_SET_RESULTS */;
/*!40101 SET @OLD_COLLATION_CONNECTION=@@COLLATION_CONNECTION */;
/*!40101 SET NAMES utf8 */;
/*!40014 SET @OLD_FOREIGN_KEY_CHECKS=@@FOREIGN_KEY_CHECKS, FOREIGN_KEY_CHECKS=0 */;
/*!40101 SET @OLD_SQL_MODE=@@SQL_MODE, SQL_MODE='NO_AUTO_VALUE_ON_ZERO' */;
/*!40111 SET @OLD_SQL_NOTES=@@SQL_NOTES, SQL_NOTES=0 */;


# Dump of table etherprice
# ------------------------------------------------------------

DROP TABLE IF EXISTS `etherprice`;

CREATE TABLE `etherprice` (
  `timestamp` int(11) DEFAULT NULL,
  `price_USD` float DEFAULT NULL
) ENGINE=InnoDB DEFAULT CHARSET=utf8;

LOCK TABLES `etherprice` WRITE;
/*!40000 ALTER TABLE `etherprice` DISABLE KEYS */;

INSERT INTO `etherprice` (`timestamp`, `price_USD`)
VALUES
	(1438214400,0),
	(1438300800,0),
	(1438387200,0),
	(1438473600,0),
	(1438560000,0),
	(1438646400,0),
	(1438732800,0),
	(1438819200,0),
	(1438905600,3),
	(1438992000,1.22),
	(1439078400,0),
	(1439164800,0),
	(1439251200,0.99),
	(1439337600,1.3),
	(1439424000,1.91),
	(1439510400,1.8),
	(1439596800,1.79),
	(1439683200,1.37),
	(1439769600,1.3),
	(1439856000,1.36),
	(1439942400,1.25),
	(1440028800,1.55),
	(1440115200,1.45),
	(1440201600,1.4),
	(1440288000,1.38),
	(1440374400,1.24),
	(1440460800,1.26),
	(1440547200,1.17),
	(1440633600,1.14),
	(1440720000,1.29),
	(1440806400,1.18),
	(1440892800,1.31),
	(1440979200,1.31),
	(1441065600,1.34),
	(1441152000,1.16),
	(1441238400,1.24),
	(1441324800,1.24),
	(1441411200,1.37),
	(1441497600,1.34),
	(1441584000,1.32),
	(1441670400,1.3),
	(1441756800,1.25),
	(1441843200,1.16),
	(1441929600,1.01),
	(1442016000,1.12),
	(1442102400,0.89),
	(1442188800,0.96),
	(1442275200,0.95),
	(1442361600,0.96),
	(1442448000,0.92),
	(1442534400,0.85),
	(1442620800,0.9),
	(1442707200,0.93),
	(1442793600,0.9),
	(1442880000,0.87),
	(1442966400,0.9),
	(1443052800,0.83),
	(1443139200,0.69),
	(1443225600,0.71),
	(1443312000,0.77),
	(1443398400,0.62),
	(1443484800,0.59),
	(1443571200,0.73),
	(1443657600,0.67),
	(1443744000,0.66),
	(1443830400,0.7),
	(1443916800,0.68),
	(1444003200,0.66),
	(1444089600,0.63),
	(1444176000,0.61),
	(1444262400,0.62),
	(1444348800,0.64),
	(1444435200,0.64),
	(1444521600,0.61),
	(1444608000,0.65),
	(1444694400,0.6),
	(1444780800,0.51),
	(1444867200,0.6),
	(1444953600,0.52),
	(1445040000,0.54),
	(1445126400,0.51),
	(1445212800,0.49),
	(1445299200,0.44),
	(1445385600,0.43),
	(1445472000,0.61),
	(1445558400,0.57),
	(1445644800,0.55),
	(1445731200,0.64),
	(1445817600,0.71),
	(1445904000,0.84),
	(1445990400,0.97),
	(1446076800,1.11),
	(1446163200,1.14),
	(1446249600,0.88),
	(1446336000,1.05),
	(1446422400,0.97),
	(1446508800,0.98),
	(1446595200,0.83),
	(1446681600,0.9),
	(1446768000,0.94),
	(1446854400,0.93),
	(1446940800,1),
	(1447027200,1.01),
	(1447113600,0.9),
	(1447200000,0.75),
	(1447286400,0.89),
	(1447372800,0.9),
	(1447459200,0.88),
	(1447545600,0.92),
	(1447632000,0.93),
	(1447718400,1),
	(1447804800,1),
	(1447891200,0.96),
	(1447977600,0.92),
	(1448064000,0.97),
	(1448150400,0.99),
	(1448236800,0.93),
	(1448323200,0.93),
	(1448409600,0.87),
	(1448496000,0.87),
	(1448582400,0.88),
	(1448668800,0.93),
	(1448755200,0.88),
	(1448841600,0.9),
	(1448928000,0.87),
	(1449014400,0.83),
	(1449100800,0.83),
	(1449187200,0.84),
	(1449273600,0.86),
	(1449360000,0.84),
	(1449446400,0.81),
	(1449532800,0.81),
	(1449619200,0.8),
	(1449705600,0.84),
	(1449792000,0.9),
	(1449878400,0.97),
	(1449964800,0.93),
	(1450051200,0.99),
	(1450137600,1),
	(1450224000,0.82),
	(1450310400,0.94),
	(1450396800,0.92),
	(1450483200,0.92),
	(1450569600,1.04),
	(1450656000,0.9),
	(1450742400,0.89),
	(1450828800,0.86),
	(1450915200,0.87),
	(1451001600,0.9),
	(1451088000,0.85),
	(1451174400,0.91),
	(1451260800,0.87),
	(1451347200,0.91),
	(1451433600,0.93),
	(1451520000,0.94),
	(1451606400,0.96),
	(1451692800,0.97),
	(1451779200,0.97),
	(1451865600,0.95),
	(1451952000,0.94),
	(1452038400,0.97),
	(1452124800,0.96),
	(1452211200,1),
	(1452297600,1),
	(1452384000,1.02),
	(1452470400,1.08),
	(1452556800,1.13),
	(1452643200,1.14),
	(1452729600,1.15),
	(1452816000,1.2),
	(1452902400,1.22),
	(1452988800,1.27),
	(1453075200,1.45),
	(1453161600,1.27),
	(1453248000,1.53),
	(1453334400,1.54),
	(1453420800,1.52),
	(1453507200,2.02),
	(1453593600,2.1),
	(1453680000,2.49),
	(1453766400,2.29),
	(1453852800,2.42),
	(1453939200,2.52),
	(1454025600,2.42),
	(1454112000,2.44),
	(1454198400,2.21),
	(1454284800,2.16),
	(1454371200,2.43),
	(1454457600,2.44),
	(1454544000,2.55),
	(1454630400,2.55),
	(1454716800,2.53),
	(1454803200,2.99),
	(1454889600,3.15),
	(1454976000,3.75),
	(1455062400,4.35),
	(1455148800,6.35),
	(1455235200,5.38),
	(1455321600,5.25),
	(1455408000,5.18),
	(1455494400,5.23),
	(1455580800,4.26),
	(1455667200,3.84),
	(1455753600,4.35),
	(1455840000,4.46),
	(1455926400,4.37),
	(1456012800,4.64),
	(1456099200,5.61),
	(1456185600,5.66),
	(1456272000,6.2),
	(1456358400,5.95),
	(1456444800,5.97),
	(1456531200,6.3),
	(1456617600,6.48),
	(1456704000,6.36),
	(1456790400,7.6),
	(1456876800,8.69),
	(1456963200,9.35),
	(1457049600,9.96),
	(1457136000,10.97),
	(1457222400,11.03),
	(1457308800,9.5),
	(1457395200,9.87),
	(1457481600,11.57),
	(1457568000,11.12),
	(1457654400,11.26),
	(1457740800,13.26),
	(1457827200,14.99),
	(1457913600,12.49),
	(1458000000,13.08),
	(1458086400,12.91),
	(1458172800,11.04),
	(1458259200,10.72),
	(1458345600,10.45),
	(1458432000,10.07),
	(1458518400,11.97),
	(1458604800,11.02),
	(1458691200,12.31),
	(1458777600,11.15),
	(1458864000,10.68),
	(1458950400,10.99),
	(1459036800,10.45),
	(1459123200,11.6),
	(1459209600,11.69),
	(1459296000,11.88),
	(1459382400,11.41),
	(1459468800,11.64),
	(1459555200,11.61),
	(1459641600,11.65),
	(1459728000,11.12),
	(1459814400,10.43),
	(1459900800,10.78),
	(1459987200,10.13),
	(1460073600,9.82),
	(1460160000,9.15),
	(1460246400,8.77),
	(1460332800,8.71),
	(1460419200,7.48),
	(1460505600,8.07),
	(1460592000,8.48),
	(1460678400,8.26),
	(1460764800,8.55),
	(1460851200,9.45),
	(1460937600,8.87),
	(1461024000,8.87),
	(1461110400,8.58),
	(1461196800,8.13),
	(1461283200,7.88),
	(1461369600,8.34),
	(1461456000,8.03),
	(1461542400,7.52),
	(1461628800,7.49),
	(1461715200,7.78),
	(1461801600,7.32),
	(1461888000,7.51),
	(1461974400,8.87),
	(1462060800,8.76),
	(1462147200,10.02),
	(1462233600,9.39),
	(1462320000,9.4),
	(1462406400,9.78),
	(1462492800,9.29),
	(1462579200,9.32),
	(1462665600,9.47),
	(1462752000,9.29),
	(1462838400,9.36),
	(1462924800,9.91),
	(1463011200,10.04),
	(1463097600,10.52),
	(1463184000,10.16),
	(1463270400,9.95),
	(1463356800,11.12),
	(1463443200,12.18),
	(1463529600,13.21),
	(1463616000,14.56),
	(1463702400,13.74),
	(1463788800,13.97),
	(1463875200,14.25),
	(1463961600,13.43),
	(1464048000,12.67),
	(1464134400,12.54),
	(1464220800,12.42),
	(1464307200,11.09),
	(1464393600,11.71),
	(1464480000,12.36),
	(1464566400,12.61),
	(1464652800,13.93),
	(1464739200,13.83),
	(1464825600,13.79),
	(1464912000,13.82),
	(1464998400,13.74),
	(1465084800,13.9),
	(1465171200,13.99),
	(1465257600,14.46),
	(1465344000,14.46),
	(1465430400,14.46),
	(1465516800,13.97),
	(1465603200,14.09),
	(1465689600,15.65),
	(1465776000,17.6),
	(1465862400,18.68),
	(1465948800,18.36),
	(1466035200,20.75),
	(1466121600,15.39),
	(1466208000,11.41),
	(1466294400,12.34),
	(1466380800,11.8),
	(1466467200,12.81),
	(1466553600,13.13),
	(1466640000,13.65),
	(1466726400,14.25),
	(1466812800,14.3),
	(1466899200,13.74),
	(1466985600,13.95),
	(1467072000,12.04),
	(1467158400,12.89),
	(1467244800,12.44),
	(1467331200,12.29),
	(1467417600,12.08),
	(1467504000,11.87),
	(1467590400,11.38),
	(1467676800,10.36),
	(1467763200,10.5),
	(1467849600,10.03),
	(1467936000,11.23),
	(1468022400,10.91),
	(1468108800,10.93),
	(1468195200,10.55),
	(1468281600,10.54),
	(1468368000,10.46),
	(1468454400,11.51),
	(1468540800,11.98),
	(1468627200,11.67),
	(1468713600,11.24),
	(1468800000,11.03),
	(1468886400,11.71),
	(1468972800,12.52),
	(1469059200,12.6),
	(1469145600,14.79),
	(1469232000,14.31),
	(1469318400,12.66),
	(1469404800,13.78),
	(1469491200,12.09),
	(1469577600,13.07),
	(1469664000,12.86),
	(1469750400,12.87),
	(1469836800,12.52),
	(1469923200,11.89),
	(1470009600,11.08),
	(1470096000,8.3),
	(1470182400,10.38),
	(1470268800,11.21),
	(1470355200,11.04),
	(1470441600,10.94),
	(1470528000,10.99),
	(1470614400,11.29),
	(1470700800,12.25),
	(1470787200,12.19),
	(1470873600,11.66),
	(1470960000,11.74),
	(1471046400,11.56),
	(1471132800,11.18),
	(1471219200,11.15),
	(1471305600,11.14),
	(1471392000,10.75),
	(1471478400,10.73),
	(1471564800,10.71),
	(1471651200,11.27),
	(1471737600,11.14),
	(1471824000,11.09),
	(1471910400,11),
	(1471996800,11),
	(1472083200,11.36),
	(1472169600,11.26),
	(1472256000,11.19),
	(1472342400,10.97),
	(1472428800,10.95),
	(1472515200,11.23),
	(1472601600,11.59),
	(1472688000,12.21),
	(1472774400,12.09),
	(1472860800,11.91),
	(1472947200,11.72),
	(1473033600,11.8),
	(1473120000,11.72),
	(1473206400,11.6),
	(1473292800,11.41),
	(1473379200,11.7),
	(1473465600,12.08),
	(1473552000,11.65),
	(1473638400,11.93),
	(1473724800,11.98),
	(1473811200,11.93),
	(1473897600,11.99),
	(1473984000,12.64),
	(1474070400,12.82),
	(1474156800,12.33),
	(1474243200,12.92),
	(1474329600,14.62),
	(1474416000,13.73),
	(1474502400,13.13),
	(1474588800,13.35),
	(1474675200,12.9),
	(1474761600,13.05),
	(1474848000,12.93),
	(1474934400,13.08),
	(1475020800,13.3),
	(1475107200,13.14),
	(1475193600,13.26),
	(1475280000,13.23),
	(1475366400,13.22),
	(1475452800,13.45),
	(1475539200,13.31),
	(1475625600,13.09),
	(1475712000,12.86),
	(1475798400,12.68),
	(1475884800,12.25),
	(1475971200,12.05),
	(1476057600,11.74),
	(1476144000,11.76),
	(1476230400,11.74),
	(1476316800,12.03),
	(1476403200,11.9),
	(1476489600,11.97),
	(1476576000,11.94),
	(1476662400,11.98),
	(1476748800,12.52),
	(1476835200,11.98),
	(1476921600,12.06),
	(1477008000,12.07),
	(1477094400,12.1),
	(1477180800,11.98),
	(1477267200,11.94),
	(1477353600,11.37),
	(1477440000,11.5),
	(1477526400,11.47),
	(1477612800,11.11),
	(1477699200,10.38),
	(1477785600,11.24),
	(1477872000,10.93),
	(1477958400,10.77),
	(1478044800,10.83),
	(1478131200,10.86),
	(1478217600,11.15),
	(1478304000,11.13),
	(1478390400,10.96),
	(1478476800,10.9),
	(1478563200,10.87),
	(1478649600,10.66),
	(1478736000,10.52),
	(1478822400,10.29),
	(1478908800,9.98),
	(1478995200,10.12),
	(1479081600,10),
	(1479168000,10.23),
	(1479254400,10.01),
	(1479340800,9.96),
	(1479427200,9.53),
	(1479513600,9.68),
	(1479600000,9.58),
	(1479686400,9.56),
	(1479772800,9.83),
	(1479859200,9.75),
	(1479945600,9.2),
	(1480032000,9.41),
	(1480118400,9.32),
	(1480204800,8.87),
	(1480291200,8.68),
	(1480377600,8.18),
	(1480464000,8.6),
	(1480550400,8.46),
	(1480636800,7.71),
	(1480723200,7.89),
	(1480809600,7.54),
	(1480896000,6.67),
	(1480982400,7.71),
	(1481068800,8.35),
	(1481155200,8.3),
	(1481241600,8.5),
	(1481328000,8.09),
	(1481414400,8.2),
	(1481500800,8.45),
	(1481587200,8.41),
	(1481673600,8.22),
	(1481760000,7.77),
	(1481846400,7.87),
	(1481932800,7.67),
	(1482019200,7.88),
	(1482105600,7.61),
	(1482192000,7.59),
	(1482278400,7.87),
	(1482364800,7.65),
	(1482451200,7.15),
	(1482537600,7.23),
	(1482624000,7.19),
	(1482710400,7.24),
	(1482796800,7.15),
	(1482883200,7.63),
	(1482969600,8.24),
	(1483056000,8.17),
	(1483142400,8.04),
	(1483228800,8.15),
	(1483315200,8.33),
	(1483401600,9.68),
	(1483488000,10.91),
	(1483574400,10.19),
	(1483660800,10.07),
	(1483747200,9.8),
	(1483833600,10.29),
	(1483920000,10.23),
	(1484006400,10.56),
	(1484092800,9.81),
	(1484179200,9.8),
	(1484265600,9.76),
	(1484352000,9.77),
	(1484438400,9.85),
	(1484524800,9.59),
	(1484611200,10.15),
	(1484697600,10.19),
	(1484784000,10.41),
	(1484870400,10.59),
	(1484956800,10.93),
	(1485043200,10.69),
	(1485129600,10.77),
	(1485216000,10.51),
	(1485302400,10.5),
	(1485388800,10.65),
	(1485475200,10.5),
	(1485561600,10.53),
	(1485648000,10.47),
	(1485734400,10.55),
	(1485820800,10.7),
	(1485907200,10.71),
	(1485993600,10.79),
	(1486080000,10.94),
	(1486166400,11.32),
	(1486252800,11.21),
	(1486339200,11.32),
	(1486425600,11.44),
	(1486512000,11.39),
	(1486598400,10.93),
	(1486684800,11.32),
	(1486771200,11.41),
	(1486857600,11.4),
	(1486944000,11.39),
	(1487030400,12.99),
	(1487116800,12.96),
	(1487203200,12.95),
	(1487289600,12.73),
	(1487376000,12.83),
	(1487462400,12.83),
	(1487548800,12.49),
	(1487635200,12.79),
	(1487721600,12.71),
	(1487808000,13.16),
	(1487894400,13.13),
	(1487980800,13.56),
	(1488067200,14.59),
	(1488153600,15.53),
	(1488240000,15.88),
	(1488326400,17.54),
	(1488412800,19.06),
	(1488499200,19.47),
	(1488585600,18.57),
	(1488672000,19.26),
	(1488758400,19.67),
	(1488844800,18.91),
	(1488931200,16.53),
	(1489017600,17.71),
	(1489104000,19.18),
	(1489190400,21.4),
	(1489276800,23.27),
	(1489363200,28.43),
	(1489449600,28.63),
	(1489536000,35.04),
	(1489622400,45.29),
	(1489708800,44.54),
	(1489795200,34.03),
	(1489881600,43.16),
	(1489968000,42.3),
	(1490054400,42.59),
	(1490140800,41.55),
	(1490227200,43.18),
	(1490313600,53.5),
	(1490400000,50.74),
	(1490486400,50.51),
	(1490572800,49),
	(1490659200,50.21),
	(1490745600,52.98),
	(1490832000,51.77),
	(1490918400,49.86),
	(1491004800,50.56),
	(1491091200,48.53),
	(1491177600,44.16),
	(1491264000,44.44),
	(1491350400,45.1),
	(1491436800,43.22),
	(1491523200,42.3),
	(1491609600,44.45),
	(1491696000,43.87),
	(1491782400,43.92),
	(1491868800,43.95),
	(1491955200,46.63),
	(1492041600,50.26),
	(1492128000,47.92),
	(1492214400,49.34),
	(1492300800,48.64),
	(1492387200,48.65),
	(1492473600,49.88),
	(1492560000,47.88),
	(1492646400,49.36),
	(1492732800,48.26),
	(1492819200,48.41),
	(1492905600,48.79),
	(1492992000,49.94),
	(1493078400,50.11),
	(1493164800,53.28),
	(1493251200,63.1),
	(1493337600,72.42),
	(1493424000,69.85),
	(1493510400,79.83),
	(1493596800,77.53),
	(1493683200,77.25),
	(1493769600,80.37),
	(1493856000,94.55),
	(1493942400,90.79),
	(1494028800,94.82),
	(1494115200,90.46),
	(1494201600,88.39),
	(1494288000,86.27),
	(1494374400,87.83),
	(1494460800,88.2),
	(1494547200,85.15),
	(1494633600,87.96),
	(1494720000,88.72),
	(1494806400,90.32),
	(1494892800,87.8),
	(1494979200,86.98),
	(1495065600,95.88),
	(1495152000,124.38),
	(1495238400,123.06),
	(1495324800,148),
	(1495411200,160.39),
	(1495497600,169.5),
	(1495584000,193.03),
	(1495670400,177.33),
	(1495756800,162.83),
	(1495843200,156.63),
	(1495929600,172.86),
	(1496016000,194.17),
	(1496102400,228.58),
	(1496188800,228.64),
	(1496275200,220.7),
	(1496361600,222.04),
	(1496448000,224.3),
	(1496534400,244.96),
	(1496620800,247.75),
	(1496707200,264.26),
	(1496793600,255.77),
	(1496880000,259.41),
	(1496966400,279.11),
	(1497052800,335.95),
	(1497139200,339.68),
	(1497225600,394.66);

/*!40000 ALTER TABLE `etherprice` ENABLE KEYS */;
UNLOCK TABLES;


# Dump of table marketcap_value
# ------------------------------------------------------------

DROP TABLE IF EXISTS `marketcap_value`;

CREATE TABLE `marketcap_value` (
  `timestamp` int(11) DEFAULT NULL,
  `market-cap-value` float DEFAULT NULL,
  `market-cap-USD` float DEFAULT NULL,
  `price-per-ether` float DEFAULT NULL
) ENGINE=InnoDB DEFAULT CHARSET=utf8;

LOCK TABLES `marketcap_value` WRITE;
/*!40000 ALTER TABLE `marketcap_value` DISABLE KEYS */;

INSERT INTO `marketcap_value` (`timestamp`, `market-cap-value`, `market-cap-USD`, `price-per-ether`)
VALUES
	(1438214400,72049300,0,0),
	(1438300800,72085500,0,0),
	(1438387200,72113200,0,0),
	(1438473600,72141400,0,0),
	(1438560000,72169400,0,0),
	(1438646400,72197900,0,0),
	(1438732800,72225400,0,0),
	(1438819200,72252500,0,0),
	(1438905600,72279900,216.84,3),
	(1438992000,72307900,88.2156,1.22),
	(1439078400,72335000,0,0),
	(1439164800,72362900,0,0),
	(1439251200,72390900,71.667,0.99),
	(1439337600,72418300,94.1437,1.3),
	(1439424000,72446500,138.373,1.91),
	(1439510400,72477600,130.46,1.8),
	(1439596800,72506200,129.786,1.79),
	(1439683200,72533200,99.3705,1.37),
	(1439769600,72561400,94.3298,1.3),
	(1439856000,72587500,98.719,1.36),
	(1439942400,72614800,90.7685,1.25),
	(1440028800,72635900,112.586,1.55),
	(1440115200,72662600,105.361,1.45),
	(1440201600,72690100,101.766,1.4),
	(1440288000,72716400,100.349,1.38),
	(1440374400,72743700,90.2022,1.24),
	(1440460800,72770400,91.6907,1.26),
	(1440547200,72796600,85.172,1.17),
	(1440633600,72821100,83.0161,1.14),
	(1440720000,72845300,93.9705,1.29),
	(1440806400,72867900,85.9841,1.18),
	(1440892800,72889300,95.485,1.31),
	(1440979200,72910600,95.5129,1.31),
	(1441065600,72930900,97.7275,1.34),
	(1441152000,72949300,84.6212,1.16),
	(1441238400,72966700,90.4787,1.24),
	(1441324800,72989800,90.5073,1.24),
	(1441411200,73015400,100.031,1.37),
	(1441497600,73041600,97.8757,1.34),
	(1441584000,73067000,96.4485,1.32),
	(1441670400,73092900,95.0208,1.3),
	(1441756800,73119400,91.3992,1.25),
	(1441843200,73145800,84.8491,1.16),
	(1441929600,73173100,73.9048,1.01),
	(1442016000,73199500,81.9834,1.12),
	(1442102400,73225600,65.1708,0.89),
	(1442188800,73251200,70.3212,0.96),
	(1442275200,73276800,69.613,0.95),
	(1442361600,73303200,70.371,0.96),
	(1442448000,73328600,67.4623,0.92),
	(1442534400,73354500,62.3513,0.85),
	(1442620800,73381700,66.0435,0.9),
	(1442707200,73409600,68.271,0.93),
	(1442793600,73436300,66.0927,0.9),
	(1442880000,73462700,63.9125,0.87),
	(1442966400,73489800,66.1408,0.9),
	(1443052800,73516100,61.0184,0.83),
	(1443139200,73543100,50.7448,0.69),
	(1443225600,73569000,52.234,0.71),
	(1443312000,73594100,56.6674,0.77),
	(1443398400,73618800,45.6436,0.62),
	(1443484800,73643100,43.4495,0.59),
	(1443571200,73668200,53.7778,0.73),
	(1443657600,73695700,49.3761,0.67),
	(1443744000,73722600,48.6569,0.66),
	(1443830400,73749000,51.6243,0.7),
	(1443916800,73774500,50.1667,0.68),
	(1444003200,73800600,48.7084,0.66),
	(1444089600,73825700,46.5102,0.63),
	(1444176000,73851800,45.0496,0.61),
	(1444262400,73878600,45.8047,0.62),
	(1444348800,73904000,47.2986,0.64),
	(1444435200,73929500,47.3149,0.64),
	(1444521600,73956100,45.1132,0.61),
	(1444608000,73982900,48.0889,0.65),
	(1444694400,74009500,44.4057,0.6),
	(1444780800,74035400,37.7581,0.51),
	(1444867200,74061000,44.4366,0.6),
	(1444953600,74086400,38.525,0.52),
	(1445040000,74112900,40.021,0.54),
	(1445126400,74138800,37.8108,0.51),
	(1445212800,74164700,36.3407,0.49),
	(1445299200,74190900,32.644,0.44),
	(1445385600,74217000,31.9133,0.43),
	(1445472000,74242300,45.2878,0.61),
	(1445558400,74269800,42.3338,0.57),
	(1445644800,74297000,40.8633,0.55),
	(1445731200,74323800,47.5672,0.64),
	(1445817600,74349700,52.7883,0.71),
	(1445904000,74377200,62.4769,0.84),
	(1445990400,74403600,72.1715,0.97),
	(1446076800,74431100,82.6185,1.11),
	(1446163200,74458800,84.883,1.14),
	(1446249600,74486500,65.5482,0.88),
	(1446336000,74514700,78.2405,1.05),
	(1446422400,74541900,72.3056,0.97),
	(1446508800,74569500,73.0781,0.98),
	(1446595200,74597200,61.9157,0.83),
	(1446681600,74624500,67.162,0.9),
	(1446768000,74651900,70.1728,0.94),
	(1446854400,74678600,69.4511,0.93),
	(1446940800,74705900,74.7059,1),
	(1447027200,74733000,75.4803,1.01),
	(1447113600,74760400,67.2844,0.9),
	(1447200000,74788200,56.0912,0.75),
	(1447286400,74816200,66.5865,0.89),
	(1447372800,74844400,67.36,0.9),
	(1447459200,74872800,65.8881,0.88),
	(1447545600,74900900,68.9088,0.92),
	(1447632000,74928300,69.6833,0.93),
	(1447718400,74956100,74.9561,1),
	(1447804800,74983400,74.9834,1),
	(1447891200,75009900,72.0095,0.96),
	(1447977600,75035000,69.0322,0.92),
	(1448064000,75061800,72.81,0.97),
	(1448150400,75088800,74.3379,0.99),
	(1448236800,75116100,69.858,0.93),
	(1448323200,75142900,69.8829,0.93),
	(1448409600,75169400,65.3974,0.87),
	(1448496000,75196000,65.4205,0.87),
	(1448582400,75223800,66.197,0.88),
	(1448668800,75251000,69.9835,0.93),
	(1448755200,75278400,66.245,0.88),
	(1448841600,75305800,67.7752,0.9),
	(1448928000,75333300,65.54,0.87),
	(1449014400,75359300,62.5482,0.83),
	(1449100800,75387400,62.5715,0.83),
	(1449187200,75414000,63.3478,0.84),
	(1449273600,75440600,64.8789,0.86),
	(1449360000,75466900,63.3922,0.84),
	(1449446400,75493600,61.1498,0.81),
	(1449532800,75519900,61.1711,0.81),
	(1449619200,75548200,60.4386,0.8),
	(1449705600,75575700,63.4836,0.84),
	(1449792000,75602700,68.0425,0.9),
	(1449878400,75629900,73.361,0.97),
	(1449964800,75657800,70.3618,0.93),
	(1450051200,75684600,74.9277,0.99),
	(1450137600,75711600,75.7116,1),
	(1450224000,75738000,62.1052,0.82),
	(1450310400,75764900,71.219,0.94),
	(1450396800,75791600,69.7283,0.92),
	(1450483200,75818300,69.7528,0.92),
	(1450569600,75844700,78.8785,1.04),
	(1450656000,75871200,68.2841,0.9),
	(1450742400,75898500,67.5497,0.89),
	(1450828800,75925900,65.2963,0.86),
	(1450915200,75952600,66.0788,0.87),
	(1451001600,75979400,68.3815,0.9),
	(1451088000,76006000,64.6051,0.85),
	(1451174400,76032800,69.1899,0.91),
	(1451260800,76059900,66.1721,0.87),
	(1451347200,76086600,69.2388,0.91),
	(1451433600,76113300,70.7854,0.93),
	(1451520000,76140200,71.5718,0.94),
	(1451606400,76166300,73.1196,0.96),
	(1451692800,76193700,73.9079,0.97),
	(1451779200,76221300,73.9347,0.97),
	(1451865600,76248800,72.4363,0.95),
	(1451952000,76276600,71.7,0.94),
	(1452038400,76304200,74.0151,0.97),
	(1452124800,76331200,73.278,0.96),
	(1452211200,76359200,76.3592,1),
	(1452297600,76386800,76.3868,1),
	(1452384000,76414100,77.9424,1.02),
	(1452470400,76441100,82.5564,1.08),
	(1452556800,76467000,86.4078,1.13),
	(1452643200,76493600,87.2027,1.14),
	(1452729600,76520500,87.9986,1.15),
	(1452816000,76547300,91.8568,1.2),
	(1452902400,76573800,93.4201,1.22),
	(1452988800,76600400,97.2825,1.27),
	(1453075200,76627000,111.109,1.45),
	(1453161600,76653100,97.3495,1.27),
	(1453248000,76679700,117.32,1.53),
	(1453334400,76705600,118.127,1.54),
	(1453420800,76731800,116.632,1.52),
	(1453507200,76757600,155.05,2.02),
	(1453593600,76784900,161.248,2.1),
	(1453680000,76810600,191.258,2.49),
	(1453766400,76837500,175.958,2.29),
	(1453852800,76863600,186.01,2.42),
	(1453939200,76890200,193.763,2.52),
	(1454025600,76916400,186.138,2.42),
	(1454112000,76942600,187.74,2.44),
	(1454198400,76968200,170.1,2.21),
	(1454284800,76994700,166.309,2.16),
	(1454371200,77020500,187.16,2.43),
	(1454457600,77047800,187.997,2.44),
	(1454544000,77074400,196.54,2.55),
	(1454630400,77101000,196.607,2.55),
	(1454716800,77127300,195.132,2.53),
	(1454803200,77154000,230.69,2.99),
	(1454889600,77180600,243.119,3.15),
	(1454976000,77207100,289.527,3.75),
	(1455062400,77233300,335.965,4.35),
	(1455148800,77259800,490.599,6.35),
	(1455235200,77286300,415.8,5.38),
	(1455321600,77313100,405.894,5.25),
	(1455408000,77339500,400.618,5.18),
	(1455494400,77365700,404.623,5.23),
	(1455580800,77392100,329.691,4.26),
	(1455667200,77417800,297.284,3.84),
	(1455753600,77444000,336.882,4.35),
	(1455840000,77470700,345.519,4.46),
	(1455926400,77497200,338.663,4.37),
	(1456012800,77523800,359.71,4.64),
	(1456099200,77550500,435.059,5.61),
	(1456185600,77576700,439.084,5.66),
	(1456272000,77603100,481.139,6.2),
	(1456358400,77630000,461.898,5.95),
	(1456444800,77656600,463.61,5.97),
	(1456531200,77682800,489.402,6.3),
	(1456617600,77709200,503.556,6.48),
	(1456704000,77734500,494.391,6.36),
	(1456790400,77760900,590.983,7.6),
	(1456876800,77787600,675.974,8.69),
	(1456963200,77813700,727.558,9.35),
	(1457049600,77839600,775.282,9.96),
	(1457136000,77866200,854.192,10.97),
	(1457222400,77891600,859.144,11.03),
	(1457308800,77917600,740.217,9.5),
	(1457395200,77943400,769.301,9.87),
	(1457481600,77969100,902.103,11.57),
	(1457568000,77995700,867.313,11.12),
	(1457654400,78022000,878.528,11.26),
	(1457740800,78048400,1034.92,13.26),
	(1457827200,78075700,1170.35,14.99),
	(1457913600,78102100,975.495,12.49),
	(1458000000,78133300,1021.98,13.08),
	(1458086400,78164800,1009.11,12.91),
	(1458172800,78196800,863.293,11.04),
	(1458259200,78228100,838.605,10.72),
	(1458345600,78260200,817.819,10.45),
	(1458432000,78291800,788.398,10.07),
	(1458518400,78323200,937.528,11.97),
	(1458604800,78354900,863.471,11.02),
	(1458691200,78386200,964.934,12.31),
	(1458777600,78418200,874.363,11.15),
	(1458864000,78450100,837.847,10.68),
	(1458950400,78482100,862.518,10.99),
	(1459036800,78513700,820.468,10.45),
	(1459123200,78545000,911.122,11.6),
	(1459209600,78576400,918.559,11.69),
	(1459296000,78608100,933.865,11.88),
	(1459382400,78639500,897.277,11.41),
	(1459468800,78671400,915.735,11.64),
	(1459555200,78702500,913.736,11.61),
	(1459641600,78734200,917.254,11.65),
	(1459728000,78766200,875.88,11.12),
	(1459814400,78797800,821.861,10.43),
	(1459900800,78829000,849.777,10.78),
	(1459987200,78860200,798.854,10.13),
	(1460073600,78892100,774.72,9.82),
	(1460160000,78923000,722.146,9.15),
	(1460246400,78954800,692.434,8.77),
	(1460332800,78985800,687.966,8.71),
	(1460419200,79017100,591.048,7.48),
	(1460505600,79048600,637.922,8.07),
	(1460592000,79080000,670.599,8.48),
	(1460678400,79111800,653.463,8.26),
	(1460764800,79143300,676.675,8.55),
	(1460851200,79174800,748.202,9.45),
	(1460937600,79206700,702.563,8.87),
	(1461024000,79238000,702.841,8.87),
	(1461110400,79269800,680.135,8.58),
	(1461196800,79301200,644.719,8.13),
	(1461283200,79332800,625.142,7.88),
	(1461369600,79364500,661.9,8.34),
	(1461456000,79396000,637.549,8.03),
	(1461542400,79428100,597.299,7.52),
	(1461628800,79459400,595.151,7.49),
	(1461715200,79491200,618.442,7.78),
	(1461801600,79522900,582.108,7.32),
	(1461888000,79554600,597.455,7.51),
	(1461974400,79586500,705.932,8.87),
	(1462060800,79617500,697.449,8.76),
	(1462147200,79649400,798.087,10.02),
	(1462233600,79681200,748.207,9.39),
	(1462320000,79712700,749.299,9.4),
	(1462406400,79744500,779.901,9.78),
	(1462492800,79776200,741.121,9.29),
	(1462579200,79807800,743.808,9.32),
	(1462665600,79839600,756.081,9.47),
	(1462752000,79871400,742.006,9.29),
	(1462838400,79903100,747.893,9.36),
	(1462924800,79934400,792.15,9.91),
	(1463011200,79966600,802.865,10.04),
	(1463097600,79998800,841.588,10.52),
	(1463184000,80030500,813.11,10.16),
	(1463270400,80062300,796.62,9.95),
	(1463356800,80093800,890.643,11.12),
	(1463443200,80126000,975.935,12.18),
	(1463529600,80158400,1058.89,13.21),
	(1463616000,80190300,1167.57,14.56),
	(1463702400,80222400,1102.26,13.74),
	(1463788800,80254200,1121.15,13.97),
	(1463875200,80286500,1144.08,14.25),
	(1463961600,80318600,1078.68,13.43),
	(1464048000,80350600,1018.04,12.67),
	(1464134400,80382900,1008,12.54),
	(1464220800,80415000,998.754,12.42),
	(1464307200,80447300,892.161,11.09),
	(1464393600,80479600,942.417,11.71),
	(1464480000,80511600,995.123,12.36),
	(1464566400,80543600,1015.65,12.61),
	(1464652800,80575100,1122.41,13.93),
	(1464739200,80607300,1114.8,13.83),
	(1464825600,80639500,1112.02,13.79),
	(1464912000,80671700,1114.88,13.82),
	(1464998400,80703900,1108.87,13.74),
	(1465084800,80735500,1122.22,13.9),
	(1465171200,80767800,1129.94,13.99),
	(1465257600,80799800,1168.36,14.46),
	(1465344000,80832100,1168.83,14.46),
	(1465430400,80864300,1169.3,14.46),
	(1465516800,80895500,1130.11,13.97),
	(1465603200,80927800,1140.27,14.09),
	(1465689600,80960100,1267.03,15.65),
	(1465776000,80992300,1425.46,17.6),
	(1465862400,81024400,1513.54,18.68),
	(1465948800,81056300,1488.19,18.36),
	(1466035200,81088200,1682.58,20.75),
	(1466121600,81121600,1248.46,15.39),
	(1466208000,81156000,925.99,11.41),
	(1466294400,81189200,1001.87,12.34),
	(1466380800,81220900,958.407,11.8),
	(1466467200,81252900,1040.85,12.81),
	(1466553600,81285600,1067.28,13.13),
	(1466640000,81317400,1109.98,13.65),
	(1466726400,81349600,1159.23,14.25),
	(1466812800,81381300,1163.75,14.3),
	(1466899200,81413600,1118.62,13.74),
	(1466985600,81445700,1136.17,13.95),
	(1467072000,81477800,980.993,12.04),
	(1467158400,81509700,1050.66,12.89),
	(1467244800,81541700,1014.38,12.44),
	(1467331200,81574300,1002.55,12.29),
	(1467417600,81606200,985.803,12.08),
	(1467504000,81638300,969.046,11.87),
	(1467590400,81670400,929.409,11.38),
	(1467676800,81702000,846.433,10.36),
	(1467763200,81734300,858.211,10.5),
	(1467849600,81766200,820.115,10.03),
	(1467936000,81798200,918.594,11.23),
	(1468022400,81831000,892.776,10.91),
	(1468108800,81862900,894.762,10.93),
	(1468195200,81894900,863.992,10.55),
	(1468281600,81926700,863.507,10.54),
	(1468368000,81958800,857.29,10.46),
	(1468454400,81990700,943.713,11.51),
	(1468540800,82022500,982.63,11.98),
	(1468627200,82054700,957.579,11.67),
	(1468713600,82086500,922.652,11.24),
	(1468800000,82119000,905.772,11.03),
	(1468886400,82150800,961.985,11.71),
	(1468972800,82182700,1028.93,12.52),
	(1469059200,82215500,1035.91,12.6),
	(1469145600,82247200,1216.44,14.79),
	(1469232000,82279600,1177.42,14.31),
	(1469318400,82311000,1042.06,12.66),
	(1469404800,82343000,1134.69,13.78),
	(1469491200,82373800,995.899,12.09),
	(1469577600,82406700,1077.06,13.07),
	(1469664000,82439100,1060.17,12.86),
	(1469750400,82471000,1061.4,12.87),
	(1469836800,82502700,1032.93,12.52),
	(1469923200,82534900,981.34,11.89),
	(1470009600,82566500,914.837,11.08),
	(1470096000,82597800,685.562,8.3),
	(1470182400,82629500,857.695,10.38),
	(1470268800,82662400,926.646,11.21),
	(1470355200,82694600,912.949,11.04),
	(1470441600,82726200,905.025,10.94),
	(1470528000,82758500,909.516,10.99),
	(1470614400,82790700,934.707,11.29),
	(1470700800,82823400,1014.59,12.25),
	(1470787200,82855500,1010.01,12.19),
	(1470873600,82887700,966.471,11.66),
	(1470960000,82919800,973.479,11.74),
	(1471046400,82951800,958.923,11.56),
	(1471132800,82983800,927.759,11.18),
	(1471219200,83016100,925.63,11.15),
	(1471305600,83048200,925.156,11.14),
	(1471392000,83080200,893.112,10.75),
	(1471478400,83112900,891.802,10.73),
	(1471564800,83144800,890.481,10.71),
	(1471651200,83177000,937.405,11.27),
	(1471737600,83209700,926.956,11.14),
	(1471824000,83242000,923.154,11.09),
	(1471910400,83274200,916.016,11),
	(1471996800,83306500,916.371,11),
	(1472083200,83338600,946.726,11.36),
	(1472169600,83370500,938.751,11.26),
	(1472256000,83402800,933.277,11.19),
	(1472342400,83434800,915.28,10.97),
	(1472428800,83466700,913.961,10.95),
	(1472515200,83498600,937.689,11.23),
	(1472601600,83530700,968.121,11.59),
	(1472688000,83562500,1020.3,12.21),
	(1472774400,83594900,1010.66,12.09),
	(1472860800,83626400,995.99,11.91),
	(1472947200,83658200,980.474,11.72),
	(1473033600,83690400,987.547,11.8),
	(1473120000,83722100,981.223,11.72),
	(1473206400,83754400,971.551,11.6),
	(1473292800,83786300,956.001,11.41),
	(1473379200,83818500,980.676,11.7),
	(1473465600,83850300,1012.91,12.08),
	(1473552000,83882700,977.233,11.65),
	(1473638400,83914900,1001.1,11.93),
	(1473724800,83946800,1005.68,11.98),
	(1473811200,83979300,1001.87,11.93),
	(1473897600,84011500,1007.3,11.99),
	(1473984000,84043800,1062.31,12.64),
	(1474070400,84075900,1077.85,12.82),
	(1474156800,84105500,1037.02,12.33),
	(1474243200,84139800,1087.09,12.92),
	(1474329600,84172300,1230.6,14.62),
	(1474416000,84204400,1156.13,13.73),
	(1474502400,84236000,1106.02,13.13),
	(1474588800,84270200,1125.01,13.35),
	(1474675200,84303600,1087.52,12.9),
	(1474761600,84338000,1100.61,13.05),
	(1474848000,84370100,1090.91,12.93),
	(1474934400,84405400,1104.02,13.08),
	(1475020800,84437800,1123.02,13.3),
	(1475107200,84470100,1109.94,13.14),
	(1475193600,84501700,1120.49,13.26),
	(1475280000,84536200,1118.41,13.23),
	(1475366400,84571900,1118.04,13.22),
	(1475452800,84605200,1137.94,13.45),
	(1475539200,84637300,1126.52,13.31),
	(1475625600,84670400,1108.33,13.09),
	(1475712000,84703200,1089.28,12.86),
	(1475798400,84739700,1074.5,12.68),
	(1475884800,84775800,1038.5,12.25),
	(1475971200,84809300,1021.95,12.05),
	(1476057600,84842400,996.05,11.74),
	(1476144000,84874900,998.129,11.76),
	(1476230400,84908000,996.82,11.74),
	(1476316800,84942800,1021.86,12.03),
	(1476403200,84975700,1011.21,11.9),
	(1476489600,85007900,1017.54,11.97),
	(1476576000,85040800,1015.39,11.94),
	(1476662400,85073200,1019.18,11.98),
	(1476748800,85106500,1065.53,12.52),
	(1476835200,85139700,1019.97,11.98),
	(1476921600,85174200,1027.2,12.06),
	(1477008000,85206400,1028.44,12.07),
	(1477094400,85238100,1031.38,12.1),
	(1477180800,85269400,1021.53,11.98),
	(1477267200,85301400,1018.5,11.94),
	(1477353600,85333100,970.237,11.37),
	(1477440000,85365100,981.698,11.5),
	(1477526400,85396500,979.498,11.47),
	(1477612800,85427600,949.101,11.11),
	(1477699200,85457200,887.046,10.38),
	(1477785600,85489200,960.898,11.24),
	(1477872000,85521200,934.747,10.93),
	(1477958400,85551700,921.392,10.77),
	(1478044800,85582800,926.862,10.83),
	(1478131200,85614100,929.769,10.86),
	(1478217600,85645000,954.942,11.15),
	(1478304000,85676400,953.578,11.13),
	(1478390400,85708200,939.362,10.96),
	(1478476800,85741500,934.582,10.9),
	(1478563200,85773800,932.361,10.87),
	(1478649600,85804800,914.679,10.66),
	(1478736000,85836000,902.995,10.52),
	(1478822400,85867300,883.575,10.29),
	(1478908800,85899300,857.275,9.98),
	(1478995200,85931700,869.629,10.12),
	(1479081600,85963600,859.636,10),
	(1479168000,85995000,879.729,10.23),
	(1479254400,86026600,861.127,10.01),
	(1479340800,86057400,857.132,9.96),
	(1479427200,86090500,820.443,9.53),
	(1479513600,86122900,833.669,9.68),
	(1479600000,86155300,825.368,9.58),
	(1479686400,86187100,823.949,9.56),
	(1479772800,86218300,847.526,9.83),
	(1479859200,86250900,840.947,9.75),
	(1479945600,86283300,793.807,9.2),
	(1480032000,86316800,812.241,9.41),
	(1480118400,86349300,804.775,9.32),
	(1480204800,86383000,766.217,8.87),
	(1480291200,86416900,750.099,8.68),
	(1480377600,86449900,707.16,8.18),
	(1480464000,86481700,743.743,8.6),
	(1480550400,86513500,731.904,8.46),
	(1480636800,86545300,667.264,7.71),
	(1480723200,86577400,683.096,7.89),
	(1480809600,86608600,653.029,7.54),
	(1480896000,86639800,577.887,6.67),
	(1480982400,86671800,668.239,7.71),
	(1481068800,86703500,723.974,8.35),
	(1481155200,86735600,719.905,8.3),
	(1481241600,86767200,737.522,8.5),
	(1481328000,86798900,702.203,8.09),
	(1481414400,86830700,712.012,8.2),
	(1481500800,86862000,733.984,8.45),
	(1481587200,86893800,730.777,8.41),
	(1481673600,86925700,714.529,8.22),
	(1481760000,86957100,675.656,7.77),
	(1481846400,86988800,684.602,7.87),
	(1481932800,87020800,667.449,7.67),
	(1482019200,87052700,685.975,7.88),
	(1482105600,87084100,662.71,7.61),
	(1482192000,87115800,661.209,7.59),
	(1482278400,87147400,685.85,7.87),
	(1482364800,87178500,666.915,7.65),
	(1482451200,87209600,623.549,7.15),
	(1482537600,87240900,630.752,7.23),
	(1482624000,87272900,627.492,7.19),
	(1482710400,87304600,632.085,7.24),
	(1482796800,87335800,624.451,7.15),
	(1482883200,87367400,666.613,7.63),
	(1482969600,87399200,720.169,8.24),
	(1483056000,87430900,714.31,8.17),
	(1483142400,87462100,703.195,8.04),
	(1483228800,87493900,713.075,8.15),
	(1483315200,87525400,729.086,8.33),
	(1483401600,87556900,847.551,9.68),
	(1483488000,87589000,955.596,10.91),
	(1483574400,87620800,892.856,10.19),
	(1483660800,87652200,882.658,10.07),
	(1483747200,87684100,859.304,9.8),
	(1483833600,87715800,902.595,10.29),
	(1483920000,87747500,897.657,10.23),
	(1484006400,87778900,926.945,10.56),
	(1484092800,87810400,861.42,9.81),
	(1484179200,87841900,860.851,9.8),
	(1484265600,87873700,857.647,9.76),
	(1484352000,87905200,858.833,9.77),
	(1484438400,87936900,866.178,9.85),
	(1484524800,87968400,843.617,9.59),
	(1484611200,87999700,893.197,10.15),
	(1484697600,88031300,897.039,10.19),
	(1484784000,88063400,916.74,10.41),
	(1484870400,88094500,932.921,10.59),
	(1484956800,88126100,963.218,10.93),
	(1485043200,88157600,942.405,10.69),
	(1485129600,88189100,949.797,10.77),
	(1485216000,88220600,927.198,10.51),
	(1485302400,88252000,926.646,10.5),
	(1485388800,88283800,940.222,10.65),
	(1485475200,88314900,927.306,10.5),
	(1485561600,88346400,930.288,10.53),
	(1485648000,88377500,925.313,10.47),
	(1485734400,88409500,932.72,10.55),
	(1485820800,88440900,946.317,10.7),
	(1485907200,88472200,947.537,10.71),
	(1485993600,88503600,954.954,10.79),
	(1486080000,88534900,968.572,10.94),
	(1486166400,88566700,1002.57,11.32),
	(1486252800,88598300,993.186,11.21),
	(1486339200,88629900,1003.29,11.32),
	(1486425600,88661400,1014.29,11.44),
	(1486512000,88693100,1010.21,11.39),
	(1486598400,88724500,969.759,10.93),
	(1486684800,88756000,1004.72,11.32),
	(1486771200,88787600,1013.07,11.41),
	(1486857600,88819200,1012.54,11.4),
	(1486944000,88850900,1012.01,11.39),
	(1487030400,88882400,1154.58,12.99),
	(1487116800,88914100,1152.33,12.96),
	(1487203200,88945600,1151.85,12.95),
	(1487289600,88977000,1132.68,12.73),
	(1487376000,89008200,1141.97,12.83),
	(1487462400,89039400,1142.38,12.83),
	(1487548800,89070800,1112.49,12.49),
	(1487635200,89102200,1139.62,12.79),
	(1487721600,89133200,1132.88,12.71),
	(1487808000,89164500,1173.4,13.16),
	(1487894400,89195700,1171.14,13.13),
	(1487980800,89227300,1209.92,13.56),
	(1488067200,89259100,1302.29,14.59),
	(1488153600,89290300,1386.68,15.53),
	(1488240000,89322200,1418.44,15.88),
	(1488326400,89353300,1567.26,17.54),
	(1488412800,89385000,1703.68,19.06),
	(1488499200,89416300,1740.93,19.47),
	(1488585600,89447400,1661.04,18.57),
	(1488672000,89479000,1723.37,19.26),
	(1488758400,89510200,1760.66,19.67),
	(1488844800,89541200,1693.22,18.91),
	(1488931200,89572600,1480.63,16.53),
	(1489017600,89603400,1586.88,17.71),
	(1489104000,89634400,1719.19,19.18),
	(1489190400,89665600,1918.84,21.4),
	(1489276800,89696500,2087.24,23.27),
	(1489363200,89728100,2550.97,28.43),
	(1489449600,89759300,2569.81,28.63),
	(1489536000,89790700,3146.27,35.04),
	(1489622400,89822100,4068.04,45.29),
	(1489708800,89854000,4002.09,44.54),
	(1489795200,89885400,3058.8,34.03),
	(1489881600,89916400,3880.79,43.16),
	(1489968000,89948100,3804.8,42.3),
	(1490054400,89979100,3832.21,42.59),
	(1490140800,90010500,3739.94,41.55),
	(1490227200,90041500,3887.99,43.18),
	(1490313600,90072300,4818.87,53.5),
	(1490400000,90103400,4571.85,50.74),
	(1490486400,90134600,4552.7,50.51),
	(1490572800,90165600,4418.11,49),
	(1490659200,90196100,4528.75,50.21),
	(1490745600,90227400,4780.25,52.98),
	(1490832000,90258200,4672.67,51.77),
	(1490918400,90289400,4501.83,49.86),
	(1491004800,90320300,4566.59,50.56),
	(1491091200,90350700,4384.72,48.53),
	(1491177600,90381900,3991.26,44.16),
	(1491264000,90412900,4017.95,44.44),
	(1491350400,90444200,4079.03,45.1),
	(1491436800,90474900,3910.32,43.22),
	(1491523200,90506000,3828.4,42.3),
	(1491609600,90536900,4024.36,44.45),
	(1491696000,90567100,3973.18,43.87),
	(1491782400,90597200,3979.03,43.92),
	(1491868800,90627600,3983.08,43.95),
	(1491955200,90657800,4227.38,46.63),
	(1492041600,90688200,4557.99,50.26),
	(1492128000,90719200,4347.26,47.92),
	(1492214400,90749200,4477.56,49.34),
	(1492300800,90779700,4415.52,48.64),
	(1492387200,90810300,4417.92,48.65),
	(1492473600,90840800,4531.14,49.88),
	(1492560000,90870400,4350.88,47.88),
	(1492646400,90900900,4486.87,49.36),
	(1492732800,90931300,4388.35,48.26),
	(1492819200,90961300,4403.44,48.41),
	(1492905600,90991800,4439.49,48.79),
	(1492992000,91021600,4545.62,49.94),
	(1493078400,91052400,4562.63,50.11),
	(1493164800,91081700,4852.83,53.28),
	(1493251200,91111000,5749.11,63.1),
	(1493337600,91140700,6600.41,72.42),
	(1493424000,91169900,6368.22,69.85),
	(1493510400,91199300,7280.44,79.83),
	(1493596800,91228700,7072.96,77.53),
	(1493683200,91258100,7049.69,77.25),
	(1493769600,91287600,7336.79,80.37),
	(1493856000,91317100,8634.03,94.55),
	(1493942400,91346800,8293.37,90.79),
	(1494028800,91376500,8664.32,94.82),
	(1494115200,91406400,8268.62,90.46),
	(1494201600,91435800,8082.01,88.39),
	(1494288000,91465500,7890.73,86.27),
	(1494374400,91495200,8036.02,87.83),
	(1494460800,91524900,8072.5,88.2),
	(1494547200,91554800,7795.89,85.15),
	(1494633600,91584000,8055.73,87.96),
	(1494720000,91612200,8127.84,88.72),
	(1494806400,91640700,8276.99,90.32),
	(1494892800,91669400,8048.58,87.8),
	(1494979200,91697300,7975.83,86.98),
	(1495065600,91725800,8794.67,95.88),
	(1495152000,91754200,11412.4,124.38),
	(1495238400,91782800,11294.8,123.06),
	(1495324800,91811500,13588.1,148),
	(1495411200,91840300,14730.3,160.39),
	(1495497600,91868800,15571.8,169.5),
	(1495584000,91897500,17739,193.03),
	(1495670400,91926300,16301.3,177.33),
	(1495756800,91955300,14973.1,162.83),
	(1495843200,91984100,14407.5,156.63),
	(1495929600,92012900,15905.3,172.86),
	(1496016000,92042400,17871.9,194.17),
	(1496102400,92072200,21045.9,228.58),
	(1496188800,92101000,21058,228.64),
	(1496275200,92129100,20332.9,220.7),
	(1496361600,92155900,20462.3,222.04),
	(1496448000,92183400,20676.7,224.3),
	(1496534400,92210600,22587.9,244.96),
	(1496620800,92238400,22852.1,247.75),
	(1496707200,92265900,24382.2,264.26),
	(1496793600,92293700,23606,255.77),
	(1496880000,92321300,23949.1,259.41),
	(1496966400,92349000,25775.5,279.11),
	(1497052800,92377100,31034.1,335.95),
	(1497139200,92405000,31388.1,339.68),
	(1497225600,92433100,36479.7,394.66);

/*!40000 ALTER TABLE `marketcap_value` ENABLE KEYS */;
UNLOCK TABLES;


# Dump of table transactions
# ------------------------------------------------------------

DROP TABLE IF EXISTS `transactions`;

CREATE TABLE `transactions` (
  `timestamp` int(11) DEFAULT NULL,
  `transactions` int(11) DEFAULT NULL
) ENGINE=InnoDB DEFAULT CHARSET=utf8;

LOCK TABLES `transactions` WRITE;
/*!40000 ALTER TABLE `transactions` DISABLE KEYS */;

INSERT INTO `transactions` (`timestamp`, `transactions`)
VALUES
	(1438214400,8893),
	(1438300800,0),
	(1438387200,0),
	(1438473600,0),
	(1438560000,0),
	(1438646400,0),
	(1438732800,0),
	(1438819200,0),
	(1438905600,2050),
	(1438992000,2881),
	(1439078400,1329),
	(1439164800,2037),
	(1439251200,4963),
	(1439337600,2036),
	(1439424000,2842),
	(1439510400,3174),
	(1439596800,2284),
	(1439683200,2440),
	(1439769600,2512),
	(1439856000,2494),
	(1439942400,3246),
	(1440028800,2303),
	(1440115200,3919),
	(1440201600,3579),
	(1440288000,4190),
	(1440374400,4432),
	(1440460800,4487),
	(1440547200,4156),
	(1440633600,5590),
	(1440720000,4758),
	(1440806400,4139),
	(1440892800,4572),
	(1440979200,5196),
	(1441065600,5153),
	(1441152000,5195),
	(1441238400,4777),
	(1441324800,5642),
	(1441411200,5519),
	(1441497600,5521),
	(1441584000,5702),
	(1441670400,5622),
	(1441756800,5604),
	(1441843200,5341),
	(1441929600,6460),
	(1442016000,5596),
	(1442102400,6057),
	(1442188800,5572),
	(1442275200,5409),
	(1442361600,5872),
	(1442448000,5368),
	(1442534400,5802),
	(1442620800,5205),
	(1442707200,6402),
	(1442793600,6305),
	(1442880000,6804),
	(1442966400,7404),
	(1443052800,6224),
	(1443139200,5851),
	(1443225600,5907),
	(1443312000,5760),
	(1443398400,6123),
	(1443484800,5738),
	(1443571200,5870),
	(1443657600,6421),
	(1443744000,6063),
	(1443830400,6112),
	(1443916800,6624),
	(1444003200,6279),
	(1444089600,6458),
	(1444176000,7121),
	(1444262400,6926),
	(1444348800,6763),
	(1444435200,6529),
	(1444521600,6023),
	(1444608000,6593),
	(1444694400,6818),
	(1444780800,6830),
	(1444867200,6499),
	(1444953600,6795),
	(1445040000,6567),
	(1445126400,6481),
	(1445212800,6604),
	(1445299200,5897),
	(1445385600,6182),
	(1445472000,5979),
	(1445558400,6888),
	(1445644800,6361),
	(1445731200,5830),
	(1445817600,5938),
	(1445904000,6784),
	(1445990400,7346),
	(1446076800,7836),
	(1446163200,7941),
	(1446249600,7557),
	(1446336000,6915),
	(1446422400,6558),
	(1446508800,7399),
	(1446595200,7037),
	(1446681600,7498),
	(1446768000,7882),
	(1446854400,10996),
	(1446940800,12413),
	(1447027200,7689),
	(1447113600,8151),
	(1447200000,10217),
	(1447286400,9534),
	(1447372800,7891),
	(1447459200,7211),
	(1447545600,7170),
	(1447632000,7442),
	(1447718400,7145),
	(1447804800,7373),
	(1447891200,8876),
	(1447977600,6348),
	(1448064000,6822),
	(1448150400,7083),
	(1448236800,8260),
	(1448323200,7152),
	(1448409600,7098),
	(1448496000,7278),
	(1448582400,6639),
	(1448668800,6817),
	(1448755200,6853),
	(1448841600,8986),
	(1448928000,6794),
	(1449014400,6502),
	(1449100800,6971),
	(1449187200,6898),
	(1449273600,6784),
	(1449360000,9103),
	(1449446400,7141),
	(1449532800,6697),
	(1449619200,7001),
	(1449705600,7444),
	(1449792000,8105),
	(1449878400,8205),
	(1449964800,7426),
	(1450051200,15550),
	(1450137600,21098),
	(1450224000,10304),
	(1450310400,9612),
	(1450396800,9032),
	(1450483200,9314),
	(1450569600,9879),
	(1450656000,12063),
	(1450742400,21027),
	(1450828800,22740),
	(1450915200,13494),
	(1451001600,9521),
	(1451088000,10726),
	(1451174400,21867),
	(1451260800,12368),
	(1451347200,11358),
	(1451433600,21767),
	(1451520000,10301),
	(1451606400,8233),
	(1451692800,9164),
	(1451779200,9258),
	(1451865600,9474),
	(1451952000,16430),
	(1452038400,17074),
	(1452124800,22075),
	(1452211200,10919),
	(1452297600,11793),
	(1452384000,10320),
	(1452470400,10893),
	(1452556800,10862),
	(1452643200,17665),
	(1452729600,10653),
	(1452816000,9875),
	(1452902400,10664),
	(1452988800,9747),
	(1453075200,12916),
	(1453161600,13420),
	(1453248000,10610),
	(1453334400,10734),
	(1453420800,13848),
	(1453507200,11025),
	(1453593600,12798),
	(1453680000,17121),
	(1453766400,16511),
	(1453852800,18747),
	(1453939200,16765),
	(1454025600,16395),
	(1454112000,14661),
	(1454198400,14166),
	(1454284800,14199),
	(1454371200,14291),
	(1454457600,14274),
	(1454544000,14371),
	(1454630400,15249),
	(1454716800,31418),
	(1454803200,14264),
	(1454889600,14719),
	(1454976000,15517),
	(1455062400,17141),
	(1455148800,21440),
	(1455235200,18109),
	(1455321600,19327),
	(1455408000,16624),
	(1455494400,17159),
	(1455580800,17549),
	(1455667200,19990),
	(1455753600,16969),
	(1455840000,18412),
	(1455926400,16714),
	(1456012800,17119),
	(1456099200,18190),
	(1456185600,18482),
	(1456272000,19540),
	(1456358400,19503),
	(1456444800,21068),
	(1456531200,18981),
	(1456617600,19063),
	(1456704000,20358),
	(1456790400,21778),
	(1456876800,23562),
	(1456963200,24837),
	(1457049600,24287),
	(1457136000,27115),
	(1457222400,27661),
	(1457308800,23271),
	(1457395200,24104),
	(1457481600,24557),
	(1457568000,24814),
	(1457654400,23124),
	(1457740800,27887),
	(1457827200,28127),
	(1457913600,28528),
	(1458000000,29273),
	(1458086400,27596),
	(1458172800,33531),
	(1458259200,31821),
	(1458345600,34779),
	(1458432000,32447),
	(1458518400,32511),
	(1458604800,32890),
	(1458691200,31786),
	(1458777600,36947),
	(1458864000,36762),
	(1458950400,36646),
	(1459036800,29974),
	(1459123200,33613),
	(1459209600,33915),
	(1459296000,36767),
	(1459382400,32259),
	(1459468800,33320),
	(1459555200,29358),
	(1459641600,29588),
	(1459728000,34907),
	(1459814400,39173),
	(1459900800,32078),
	(1459987200,31893),
	(1460073600,34010),
	(1460160000,31923),
	(1460246400,32237),
	(1460332800,30327),
	(1460419200,34673),
	(1460505600,36051),
	(1460592000,34781),
	(1460678400,34959),
	(1460764800,30483),
	(1460851200,40203),
	(1460937600,33513),
	(1461024000,32622),
	(1461110400,32944),
	(1461196800,37181),
	(1461283200,31678),
	(1461369600,31845),
	(1461456000,34046),
	(1461542400,35430),
	(1461628800,32582),
	(1461715200,33847),
	(1461801600,34343),
	(1461888000,37332),
	(1461974400,45769),
	(1462060800,39578),
	(1462147200,41748),
	(1462233600,37821),
	(1462320000,37484),
	(1462406400,38707),
	(1462492800,41271),
	(1462579200,35864),
	(1462665600,40063),
	(1462752000,38560),
	(1462838400,40684),
	(1462924800,40811),
	(1463011200,45002),
	(1463097600,47737),
	(1463184000,45745),
	(1463270400,43073),
	(1463356800,37424),
	(1463443200,40309),
	(1463529600,46033),
	(1463616000,44523),
	(1463702400,45177),
	(1463788800,43621),
	(1463875200,38895),
	(1463961600,43806),
	(1464048000,42911),
	(1464134400,46443),
	(1464220800,51147),
	(1464307200,49006),
	(1464393600,70148),
	(1464480000,45890),
	(1464566400,42927),
	(1464652800,44386),
	(1464739200,42221),
	(1464825600,39666),
	(1464912000,39834),
	(1464998400,37875),
	(1465084800,37896),
	(1465171200,38957),
	(1465257600,46141),
	(1465344000,40433),
	(1465430400,39854),
	(1465516800,40145),
	(1465603200,36901),
	(1465689600,42581),
	(1465776000,46185),
	(1465862400,50335),
	(1465948800,43251),
	(1466035200,43392),
	(1466121600,66558),
	(1466208000,63083),
	(1466294400,51035),
	(1466380800,47118),
	(1466467200,47323),
	(1466553600,48615),
	(1466640000,41908),
	(1466726400,45331),
	(1466812800,36684),
	(1466899200,41613),
	(1466985600,39663),
	(1467072000,43089),
	(1467158400,49897),
	(1467244800,63952),
	(1467331200,40085),
	(1467417600,39257),
	(1467504000,39757),
	(1467590400,39950),
	(1467676800,39270),
	(1467763200,37900),
	(1467849600,40433),
	(1467936000,42506),
	(1468022400,40410),
	(1468108800,39358),
	(1468195200,38582),
	(1468281600,40811),
	(1468368000,35740),
	(1468454400,42809),
	(1468540800,41110),
	(1468627200,38062),
	(1468713600,33914),
	(1468800000,39198),
	(1468886400,44184),
	(1468972800,50631),
	(1469059200,44882),
	(1469145600,48458),
	(1469232000,45006),
	(1469318400,58215),
	(1469404800,54856),
	(1469491200,61930),
	(1469577600,53035),
	(1469664000,48555),
	(1469750400,47243),
	(1469836800,42011),
	(1469923200,48749),
	(1470009600,45978),
	(1470096000,49041),
	(1470182400,49475),
	(1470268800,46761),
	(1470355200,43212),
	(1470441600,41487),
	(1470528000,42955),
	(1470614400,42984),
	(1470700800,47057),
	(1470787200,46290),
	(1470873600,48171),
	(1470960000,44400),
	(1471046400,41088),
	(1471132800,40577),
	(1471219200,42302),
	(1471305600,48949),
	(1471392000,44867),
	(1471478400,47799),
	(1471564800,42948),
	(1471651200,41318),
	(1471737600,42543),
	(1471824000,44250),
	(1471910400,48430),
	(1471996800,46821),
	(1472083200,49868),
	(1472169600,47292),
	(1472256000,47938),
	(1472342400,42607),
	(1472428800,45510),
	(1472515200,46979),
	(1472601600,45846),
	(1472688000,47491),
	(1472774400,55413),
	(1472860800,44792),
	(1472947200,48128),
	(1473033600,42667),
	(1473120000,49102),
	(1473206400,48701),
	(1473292800,55970),
	(1473379200,53918),
	(1473465600,42875),
	(1473552000,43345),
	(1473638400,45123),
	(1473724800,42591),
	(1473811200,53859),
	(1473897600,52622),
	(1473984000,57532),
	(1474070400,46882),
	(1474156800,37893),
	(1474243200,40505),
	(1474329600,54067),
	(1474416000,44549),
	(1474502400,52657),
	(1474588800,35219),
	(1474675200,43418),
	(1474761600,38713),
	(1474848000,43514),
	(1474934400,46817),
	(1475020800,42797),
	(1475107200,40416),
	(1475193600,35836),
	(1475280000,53076),
	(1475366400,51105),
	(1475452800,47672),
	(1475539200,56662),
	(1475625600,41719),
	(1475712000,36826),
	(1475798400,43708),
	(1475884800,37690),
	(1475971200,43940),
	(1476057600,44940),
	(1476144000,41053),
	(1476230400,30002),
	(1476316800,32244),
	(1476403200,42006),
	(1476489600,33662),
	(1476576000,34990),
	(1476662400,38136),
	(1476748800,51898),
	(1476835200,38497),
	(1476921600,43438),
	(1477008000,57780),
	(1477094400,37772),
	(1477180800,35364),
	(1477267200,52547),
	(1477353600,47610),
	(1477440000,45158),
	(1477526400,44353),
	(1477612800,41522),
	(1477699200,40011),
	(1477785600,39435),
	(1477872000,45031),
	(1477958400,49025),
	(1478044800,43519),
	(1478131200,42346),
	(1478217600,32572),
	(1478304000,37690),
	(1478390400,34391),
	(1478476800,41941),
	(1478563200,41569),
	(1478649600,40517),
	(1478736000,40164),
	(1478822400,41070),
	(1478908800,40882),
	(1478995200,43673),
	(1479081600,43876),
	(1479168000,45330),
	(1479254400,41684),
	(1479340800,40738),
	(1479427200,43785),
	(1479513600,39289),
	(1479600000,42125),
	(1479686400,42735),
	(1479772800,53585),
	(1479859200,64289),
	(1479945600,36861),
	(1480032000,58075),
	(1480118400,40804),
	(1480204800,44449),
	(1480291200,48388),
	(1480377600,47036),
	(1480464000,39178),
	(1480550400,37121),
	(1480636800,41642),
	(1480723200,41357),
	(1480809600,39643),
	(1480896000,41613),
	(1480982400,48200),
	(1481068800,41757),
	(1481155200,39587),
	(1481241600,41444),
	(1481328000,40564),
	(1481414400,39164),
	(1481500800,38741),
	(1481587200,44664),
	(1481673600,47294),
	(1481760000,46102),
	(1481846400,43953),
	(1481932800,39442),
	(1482019200,36640),
	(1482105600,45599),
	(1482192000,44241),
	(1482278400,50793),
	(1482364800,55173),
	(1482451200,44391),
	(1482537600,37757),
	(1482624000,36601),
	(1482710400,34565),
	(1482796800,42370),
	(1482883200,43386),
	(1482969600,46546),
	(1483056000,44561),
	(1483142400,41220),
	(1483228800,38730),
	(1483315200,39652),
	(1483401600,45883),
	(1483488000,50673),
	(1483574400,49596),
	(1483660800,43804),
	(1483747200,43622),
	(1483833600,42727),
	(1483920000,46188),
	(1484006400,48179),
	(1484092800,45221),
	(1484179200,50589),
	(1484265600,50833),
	(1484352000,42044),
	(1484438400,41748),
	(1484524800,45375),
	(1484611200,46671),
	(1484697600,44994),
	(1484784000,43628),
	(1484870400,45775),
	(1484956800,43302),
	(1485043200,47432),
	(1485129600,46076),
	(1485216000,50414),
	(1485302400,46256),
	(1485388800,46856),
	(1485475200,46680),
	(1485561600,45189),
	(1485648000,42509),
	(1485734400,45369),
	(1485820800,43649),
	(1485907200,44541),
	(1485993600,43709),
	(1486080000,42778),
	(1486166400,45410),
	(1486252800,46542),
	(1486339200,47306),
	(1486425600,51866),
	(1486512000,51089),
	(1486598400,47873),
	(1486684800,52222),
	(1486771200,46560),
	(1486857600,45319),
	(1486944000,55990),
	(1487030400,58298),
	(1487116800,55320),
	(1487203200,49674),
	(1487289600,49406),
	(1487376000,49398),
	(1487462400,48227),
	(1487548800,50152),
	(1487635200,58434),
	(1487721600,50372),
	(1487808000,47601),
	(1487894400,54081),
	(1487980800,53245),
	(1488067200,51716),
	(1488153600,52642),
	(1488240000,60277),
	(1488326400,59774),
	(1488412800,70779),
	(1488499200,64294),
	(1488585600,58756),
	(1488672000,57031),
	(1488758400,57020),
	(1488844800,62589),
	(1488931200,55386),
	(1489017600,64266),
	(1489104000,65132),
	(1489190400,64803),
	(1489276800,66646),
	(1489363200,81718),
	(1489449600,77155),
	(1489536000,81205),
	(1489622400,109950),
	(1489708800,106635),
	(1489795200,89920),
	(1489881600,84599),
	(1489968000,80264),
	(1490054400,84298),
	(1490140800,78821),
	(1490227200,82434),
	(1490313600,87775),
	(1490400000,84394),
	(1490486400,79534),
	(1490572800,94570),
	(1490659200,84348),
	(1490745600,93064),
	(1490832000,96209),
	(1490918400,103102),
	(1491004800,80572),
	(1491091200,88948),
	(1491177600,100221),
	(1491264000,86279),
	(1491350400,87411),
	(1491436800,95177),
	(1491523200,92846),
	(1491609600,72144),
	(1491696000,74557),
	(1491782400,75487),
	(1491868800,75891),
	(1491955200,80347),
	(1492041600,84124),
	(1492128000,81155),
	(1492214400,74820),
	(1492300800,70634),
	(1492387200,72546),
	(1492473600,83303),
	(1492560000,85734),
	(1492646400,85450),
	(1492732800,81278),
	(1492819200,73539),
	(1492905600,77073),
	(1492992000,80531),
	(1493078400,93033),
	(1493164800,89642),
	(1493251200,104494),
	(1493337600,106193),
	(1493424000,91335),
	(1493510400,95202),
	(1493596800,112202),
	(1493683200,110354),
	(1493769600,97334),
	(1493856000,114877),
	(1493942400,108514),
	(1494028800,95014),
	(1494115200,106631),
	(1494201600,117509),
	(1494288000,112933),
	(1494374400,109673),
	(1494460800,117189),
	(1494547200,107241),
	(1494633600,101332),
	(1494720000,101348),
	(1494806400,122792),
	(1494892800,116341),
	(1494979200,140135),
	(1495065600,137409),
	(1495152000,161568),
	(1495238400,130912),
	(1495324800,149699),
	(1495411200,176255),
	(1495497600,187121),
	(1495584000,187293),
	(1495670400,183010),
	(1495756800,169818),
	(1495843200,149450),
	(1495929600,155271),
	(1496016000,158547),
	(1496102400,193618),
	(1496188800,214126),
	(1496275200,199160),
	(1496361600,194911),
	(1496448000,175666),
	(1496534400,180136),
	(1496620800,190305),
	(1496707200,200523),
	(1496793600,207180),
	(1496880000,187700),
	(1496966400,215831),
	(1497052800,213356),
	(1497139200,240490),
	(1497225600,292941);

/*!40000 ALTER TABLE `transactions` ENABLE KEYS */;
UNLOCK TABLES;



/*!40111 SET SQL_NOTES=@OLD_SQL_NOTES */;
/*!40101 SET SQL_MODE=@OLD_SQL_MODE */;
/*!40014 SET FOREIGN_KEY_CHECKS=@OLD_FOREIGN_KEY_CHECKS */;
/*!40101 SET CHARACTER_SET_CLIENT=@OLD_CHARACTER_SET_CLIENT */;
/*!40101 SET CHARACTER_SET_RESULTS=@OLD_CHARACTER_SET_RESULTS */;
/*!40101 SET COLLATION_CONNECTION=@OLD_COLLATION_CONNECTION */;
